idno,polpartvt
921018,[NA] Not applicable
921026,[1] Socialdemokraterne - the Danish social democrats
921034,"[7] Venstre, Danmarks Liberale Parti - Venstre"
921076,[NA] No answer
921084,[1] Socialdemokraterne - the Danish social democrats
921131,[8] Liberal Alliance - Liberal Alliance
921165,"[7] Venstre, Danmarks Liberale Parti - Venstre"
921181,[2] Det Radikale Venstre - Danish Social-Liberal Party
921199,"[7] Venstre, Danmarks Liberale Parti - Venstre"
921204,[NA] Don't know
921220,[4] SF Socialistisk Folkeparti - Socialist People's Party
921254,[2] Det Radikale Venstre - Danish Social-Liberal Party
921262,"[7] Venstre, Danmarks Liberale Parti - Venstre"
921288,[1] Socialdemokraterne - the Danish social democrats
921296,"[7] Venstre, Danmarks Liberale Parti - Venstre"
921319,[NA] Not applicable
921327,[9] Enhedslisten - Unity List - The Red-Green Alliance
921335,[10] Andet - other
921377,"[7] Venstre, Danmarks Liberale Parti - Venstre"
921393,"[7] Venstre, Danmarks Liberale Parti - Venstre"
921408,"[7] Venstre, Danmarks Liberale Parti - Venstre"
921416,[5] Dansk Folkeparti - Danish peoples party
921424,[4] SF Socialistisk Folkeparti - Socialist People's Party
921432,[1] Socialdemokraterne - the Danish social democrats
921440,[NA] Don't know
921474,[9] Enhedslisten - Unity List - The Red-Green Alliance
921490,[4] SF Socialistisk Folkeparti - Socialist People's Party
921505,"[7] Venstre, Danmarks Liberale Parti - Venstre"
921521,[4] SF Socialistisk Folkeparti - Socialist People's Party
921539,[2] Det Radikale Venstre - Danish Social-Liberal Party
921547,[NA] Not applicable
921563,[1] Socialdemokraterne - the Danish social democrats
921571,[5] Dansk Folkeparti - Danish peoples party
921589,[3] Det Konservative Folkeparti - Conservative
921610,"[7] Venstre, Danmarks Liberale Parti - Venstre"
921628,[NA] Refusal
921636,[NA] Not applicable
921652,[2] Det Radikale Venstre - Danish Social-Liberal Party
921660,[9] Enhedslisten - Unity List - The Red-Green Alliance
921678,[1] Socialdemokraterne - the Danish social democrats
921733,[NA] Refusal
921814,[2] Det Radikale Venstre - Danish Social-Liberal Party
921856,[5] Dansk Folkeparti - Danish peoples party
921864,[NA] Not applicable
921872,[NA] Don't know
921880,[1] Socialdemokraterne - the Danish social democrats
921898,[2] Det Radikale Venstre - Danish Social-Liberal Party
921903,[5] Dansk Folkeparti - Danish peoples party
921911,[2] Det Radikale Venstre - Danish Social-Liberal Party
921937,[NA] Not applicable
921945,"[7] Venstre, Danmarks Liberale Parti - Venstre"
921953,"[7] Venstre, Danmarks Liberale Parti - Venstre"
921987,[NA] Not applicable
922006,[NA] Refusal
922014,[NA] Don't know
922048,[1] Socialdemokraterne - the Danish social democrats
922056,[NA] Don't know
922072,[NA] Refusal
922080,[NA] Not applicable
922098,[5] Dansk Folkeparti - Danish peoples party
922103,[4] SF Socialistisk Folkeparti - Socialist People's Party
922111,[5] Dansk Folkeparti - Danish peoples party
922129,[NA] Not applicable
922200,[4] SF Socialistisk Folkeparti - Socialist People's Party
922226,"[7] Venstre, Danmarks Liberale Parti - Venstre"
922250,[NA] Not applicable
922268,"[7] Venstre, Danmarks Liberale Parti - Venstre"
922276,"[7] Venstre, Danmarks Liberale Parti - Venstre"
922284,[1] Socialdemokraterne - the Danish social democrats
922292,[1] Socialdemokraterne - the Danish social democrats
922315,[NA] Refusal
922323,[NA] Not applicable
922381,"[7] Venstre, Danmarks Liberale Parti - Venstre"
922399,"[7] Venstre, Danmarks Liberale Parti - Venstre"
922404,[NA] Not applicable
922412,[4] SF Socialistisk Folkeparti - Socialist People's Party
922420,[1] Socialdemokraterne - the Danish social democrats
922454,[5] Dansk Folkeparti - Danish peoples party
922462,[1] Socialdemokraterne - the Danish social democrats
922470,[1] Socialdemokraterne - the Danish social democrats
922501,[2] Det Radikale Venstre - Danish Social-Liberal Party
922519,[1] Socialdemokraterne - the Danish social democrats
922535,[5] Dansk Folkeparti - Danish peoples party
922543,[1] Socialdemokraterne - the Danish social democrats
922569,[4] SF Socialistisk Folkeparti - Socialist People's Party
922577,[1] Socialdemokraterne - the Danish social democrats
922593,[3] Det Konservative Folkeparti - Conservative
922608,[5] Dansk Folkeparti - Danish peoples party
922616,[3] Det Konservative Folkeparti - Conservative
922624,[NA] Not applicable
922640,[1] Socialdemokraterne - the Danish social democrats
922658,[5] Dansk Folkeparti - Danish peoples party
922690,[1] Socialdemokraterne - the Danish social democrats
922713,[NA] Not applicable
922721,[1] Socialdemokraterne - the Danish social democrats
922739,[2] Det Radikale Venstre - Danish Social-Liberal Party
922763,[NA] Not applicable
922771,[NA] Not applicable
922789,[1] Socialdemokraterne - the Danish social democrats
922802,[8] Liberal Alliance - Liberal Alliance
922852,[5] Dansk Folkeparti - Danish peoples party
922860,"[7] Venstre, Danmarks Liberale Parti - Venstre"
922886,[1] Socialdemokraterne - the Danish social democrats
922894,"[7] Venstre, Danmarks Liberale Parti - Venstre"
922925,[1] Socialdemokraterne - the Danish social democrats
922933,[1] Socialdemokraterne - the Danish social democrats
922941,[NA] Not applicable
922959,[NA] Not applicable
922967,[8] Liberal Alliance - Liberal Alliance
922975,[2] Det Radikale Venstre - Danish Social-Liberal Party
922983,[NA] Refusal
922991,[2] Det Radikale Venstre - Danish Social-Liberal Party
923052,[1] Socialdemokraterne - the Danish social democrats
923060,"[7] Venstre, Danmarks Liberale Parti - Venstre"
923094,[1] Socialdemokraterne - the Danish social democrats
923109,[NA] Not applicable
923125,[5] Dansk Folkeparti - Danish peoples party
923133,[9] Enhedslisten - Unity List - The Red-Green Alliance
923141,"[7] Venstre, Danmarks Liberale Parti - Venstre"
923159,[9] Enhedslisten - Unity List - The Red-Green Alliance
923167,[1] Socialdemokraterne - the Danish social democrats
923183,"[7] Venstre, Danmarks Liberale Parti - Venstre"
923191,"[7] Venstre, Danmarks Liberale Parti - Venstre"
923214,[NA] Not applicable
923256,[1] Socialdemokraterne - the Danish social democrats
923264,[NA] Refusal
923272,[8] Liberal Alliance - Liberal Alliance
923280,[5] Dansk Folkeparti - Danish peoples party
923329,[1] Socialdemokraterne - the Danish social democrats
923353,"[7] Venstre, Danmarks Liberale Parti - Venstre"
923361,[8] Liberal Alliance - Liberal Alliance
923379,[2] Det Radikale Venstre - Danish Social-Liberal Party
923395,[2] Det Radikale Venstre - Danish Social-Liberal Party
923400,[5] Dansk Folkeparti - Danish peoples party
923418,[NA] Refusal
923426,[4] SF Socialistisk Folkeparti - Socialist People's Party
923434,[1] Socialdemokraterne - the Danish social democrats
923476,[NA] Not applicable
923492,[4] SF Socialistisk Folkeparti - Socialist People's Party
923523,[1] Socialdemokraterne - the Danish social democrats
923531,"[7] Venstre, Danmarks Liberale Parti - Venstre"
923557,[2] Det Radikale Venstre - Danish Social-Liberal Party
923573,[5] Dansk Folkeparti - Danish peoples party
923604,[4] SF Socialistisk Folkeparti - Socialist People's Party
923612,[NA] Not applicable
923620,[3] Det Konservative Folkeparti - Conservative
923646,[NA] Refusal
923662,"[7] Venstre, Danmarks Liberale Parti - Venstre"
923670,[5] Dansk Folkeparti - Danish peoples party
923688,[5] Dansk Folkeparti - Danish peoples party
923701,[1] Socialdemokraterne - the Danish social democrats
923719,"[7] Venstre, Danmarks Liberale Parti - Venstre"
923727,[5] Dansk Folkeparti - Danish peoples party
923743,[NA] Refusal
923769,[1] Socialdemokraterne - the Danish social democrats
923777,"[7] Venstre, Danmarks Liberale Parti - Venstre"
923785,[2] Det Radikale Venstre - Danish Social-Liberal Party
923793,"[7] Venstre, Danmarks Liberale Parti - Venstre"
923808,[1] Socialdemokraterne - the Danish social democrats
923816,[NA] Not applicable
923824,[3] Det Konservative Folkeparti - Conservative
923832,[NA] Not applicable
923858,[2] Det Radikale Venstre - Danish Social-Liberal Party
923866,[8] Liberal Alliance - Liberal Alliance
923882,"[7] Venstre, Danmarks Liberale Parti - Venstre"
923890,[NA] Not applicable
923905,[NA] Not applicable
923913,[8] Liberal Alliance - Liberal Alliance
923939,[1] Socialdemokraterne - the Danish social democrats
923971,"[7] Venstre, Danmarks Liberale Parti - Venstre"
923989,[NA] Not applicable
923997,[NA] Refusal
924024,[NA] Not applicable
924032,"[7] Venstre, Danmarks Liberale Parti - Venstre"
924040,[2] Det Radikale Venstre - Danish Social-Liberal Party
924058,[9] Enhedslisten - Unity List - The Red-Green Alliance
924066,"[7] Venstre, Danmarks Liberale Parti - Venstre"
924074,"[7] Venstre, Danmarks Liberale Parti - Venstre"
924090,[1] Socialdemokraterne - the Danish social democrats
924105,[2] Det Radikale Venstre - Danish Social-Liberal Party
924113,[NA] Not applicable
924121,[1] Socialdemokraterne - the Danish social democrats
924139,[NA] Don't know
924155,[3] Det Konservative Folkeparti - Conservative
924163,[10] Andet - other
924171,[NA] Not applicable
924202,[5] Dansk Folkeparti - Danish peoples party
924236,"[7] Venstre, Danmarks Liberale Parti - Venstre"
924244,[5] Dansk Folkeparti - Danish peoples party
924252,[NA] Not applicable
924278,[2] Det Radikale Venstre - Danish Social-Liberal Party
924325,"[7] Venstre, Danmarks Liberale Parti - Venstre"
924359,[5] Dansk Folkeparti - Danish peoples party
924367,[1] Socialdemokraterne - the Danish social democrats
924375,[3] Det Konservative Folkeparti - Conservative
924383,[10] Andet - other
924406,[1] Socialdemokraterne - the Danish social democrats
924430,[3] Det Konservative Folkeparti - Conservative
924464,[9] Enhedslisten - Unity List - The Red-Green Alliance
924472,[2] Det Radikale Venstre - Danish Social-Liberal Party
924480,[1] Socialdemokraterne - the Danish social democrats
924498,[1] Socialdemokraterne - the Danish social democrats
924503,[5] Dansk Folkeparti - Danish peoples party
924511,[4] SF Socialistisk Folkeparti - Socialist People's Party
924529,[1] Socialdemokraterne - the Danish social democrats
924545,[NA] Not applicable
924561,[1] Socialdemokraterne - the Danish social democrats
924579,"[7] Venstre, Danmarks Liberale Parti - Venstre"
924595,[9] Enhedslisten - Unity List - The Red-Green Alliance
924600,"[7] Venstre, Danmarks Liberale Parti - Venstre"
924618,[8] Liberal Alliance - Liberal Alliance
924626,"[7] Venstre, Danmarks Liberale Parti - Venstre"
924676,"[7] Venstre, Danmarks Liberale Parti - Venstre"
924692,[4] SF Socialistisk Folkeparti - Socialist People's Party
924715,[2] Det Radikale Venstre - Danish Social-Liberal Party
924731,[NA] Not applicable
924781,"[7] Venstre, Danmarks Liberale Parti - Venstre"
924812,[3] Det Konservative Folkeparti - Conservative
924846,[NA] Don't know
924854,[2] Det Radikale Venstre - Danish Social-Liberal Party
924862,[1] Socialdemokraterne - the Danish social democrats
924901,[2] Det Radikale Venstre - Danish Social-Liberal Party
924943,[NA] Not applicable
924951,"[7] Venstre, Danmarks Liberale Parti - Venstre"
924969,[9] Enhedslisten - Unity List - The Red-Green Alliance
924985,"[7] Venstre, Danmarks Liberale Parti - Venstre"
925038,[3] Det Konservative Folkeparti - Conservative
925046,"[7] Venstre, Danmarks Liberale Parti - Venstre"
925054,[4] SF Socialistisk Folkeparti - Socialist People's Party
925062,[NA] Don't know
925088,"[7] Venstre, Danmarks Liberale Parti - Venstre"
925096,[NA] Not applicable
925101,[NA] Not applicable
925119,[NA] Not applicable
925127,[1] Socialdemokraterne - the Danish social democrats
925143,[5] Dansk Folkeparti - Danish peoples party
925169,[1] Socialdemokraterne - the Danish social democrats
925177,[3] Det Konservative Folkeparti - Conservative
925185,[3] Det Konservative Folkeparti - Conservative
925193,[NA] Not applicable
925216,"[7] Venstre, Danmarks Liberale Parti - Venstre"
925224,[NA] Not applicable
925232,[NA] Not applicable
925240,[1] Socialdemokraterne - the Danish social democrats
925258,[4] SF Socialistisk Folkeparti - Socialist People's Party
925274,[NA] Not applicable
925282,[5] Dansk Folkeparti - Danish peoples party
925290,[5] Dansk Folkeparti - Danish peoples party
925305,[1] Socialdemokraterne - the Danish social democrats
925313,"[7] Venstre, Danmarks Liberale Parti - Venstre"
925355,[9] Enhedslisten - Unity List - The Red-Green Alliance
925371,[1] Socialdemokraterne - the Danish social democrats
925397,"[7] Venstre, Danmarks Liberale Parti - Venstre"
925402,[6] Kristendemokraterne - Christian democrats
925410,"[7] Venstre, Danmarks Liberale Parti - Venstre"
925509,"[7] Venstre, Danmarks Liberale Parti - Venstre"
925525,[5] Dansk Folkeparti - Danish peoples party
925533,"[7] Venstre, Danmarks Liberale Parti - Venstre"
925541,[1] Socialdemokraterne - the Danish social democrats
925559,[NA] Not applicable
925567,"[7] Venstre, Danmarks Liberale Parti - Venstre"
925575,[9] Enhedslisten - Unity List - The Red-Green Alliance
925583,[NA] Not applicable
925591,[4] SF Socialistisk Folkeparti - Socialist People's Party
925606,"[7] Venstre, Danmarks Liberale Parti - Venstre"
925614,[5] Dansk Folkeparti - Danish peoples party
925622,[1] Socialdemokraterne - the Danish social democrats
925656,"[7] Venstre, Danmarks Liberale Parti - Venstre"
925680,"[7] Venstre, Danmarks Liberale Parti - Venstre"
925703,"[7] Venstre, Danmarks Liberale Parti - Venstre"
925745,"[7] Venstre, Danmarks Liberale Parti - Venstre"
925753,"[7] Venstre, Danmarks Liberale Parti - Venstre"
925761,[1] Socialdemokraterne - the Danish social democrats
925787,[NA] Refusal
925795,"[7] Venstre, Danmarks Liberale Parti - Venstre"
925826,[5] Dansk Folkeparti - Danish peoples party
925876,[5] Dansk Folkeparti - Danish peoples party
925884,[NA] Not applicable
925923,"[7] Venstre, Danmarks Liberale Parti - Venstre"
925999,[2] Det Radikale Venstre - Danish Social-Liberal Party
926026,[2] Det Radikale Venstre - Danish Social-Liberal Party
926034,"[7] Venstre, Danmarks Liberale Parti - Venstre"
926050,[NA] Not applicable
926092,[1] Socialdemokraterne - the Danish social democrats
926107,[NA] Not applicable
926115,[2] Det Radikale Venstre - Danish Social-Liberal Party
926131,[5] Dansk Folkeparti - Danish peoples party
926149,[2] Det Radikale Venstre - Danish Social-Liberal Party
926181,"[7] Venstre, Danmarks Liberale Parti - Venstre"
926199,"[7] Venstre, Danmarks Liberale Parti - Venstre"
926238,"[7] Venstre, Danmarks Liberale Parti - Venstre"
926246,[1] Socialdemokraterne - the Danish social democrats
926288,[1] Socialdemokraterne - the Danish social democrats
926319,[1] Socialdemokraterne - the Danish social democrats
926343,"[7] Venstre, Danmarks Liberale Parti - Venstre"
926351,"[7] Venstre, Danmarks Liberale Parti - Venstre"
926377,[5] Dansk Folkeparti - Danish peoples party
926385,[1] Socialdemokraterne - the Danish social democrats
926408,[1] Socialdemokraterne - the Danish social democrats
926458,[5] Dansk Folkeparti - Danish peoples party
926513,[1] Socialdemokraterne - the Danish social democrats
926539,[NA] Not applicable
926555,[NA] Not applicable
926563,[NA] Not applicable
926589,[4] SF Socialistisk Folkeparti - Socialist People's Party
926597,"[7] Venstre, Danmarks Liberale Parti - Venstre"
926652,[NA] Not applicable
926660,"[7] Venstre, Danmarks Liberale Parti - Venstre"
926678,"[7] Venstre, Danmarks Liberale Parti - Venstre"
926694,[1] Socialdemokraterne - the Danish social democrats
926709,[1] Socialdemokraterne - the Danish social democrats
926725,"[7] Venstre, Danmarks Liberale Parti - Venstre"
926733,[NA] Not applicable
926759,[5] Dansk Folkeparti - Danish peoples party
926767,"[7] Venstre, Danmarks Liberale Parti - Venstre"
926775,"[7] Venstre, Danmarks Liberale Parti - Venstre"
926806,[NA] No answer
926814,"[7] Venstre, Danmarks Liberale Parti - Venstre"
926822,"[7] Venstre, Danmarks Liberale Parti - Venstre"
926848,[NA] Not applicable
926872,[5] Dansk Folkeparti - Danish peoples party
926880,[1] Socialdemokraterne - the Danish social democrats
926898,[1] Socialdemokraterne - the Danish social democrats
926903,[9] Enhedslisten - Unity List - The Red-Green Alliance
926911,[4] SF Socialistisk Folkeparti - Socialist People's Party
926929,[9] Enhedslisten - Unity List - The Red-Green Alliance
926937,[5] Dansk Folkeparti - Danish peoples party
926945,"[7] Venstre, Danmarks Liberale Parti - Venstre"
926953,"[7] Venstre, Danmarks Liberale Parti - Venstre"
926961,[NA] Not applicable
926979,[NA] No answer
926987,[NA] Refusal
926995,[9] Enhedslisten - Unity List - The Red-Green Alliance
927006,[1] Socialdemokraterne - the Danish social democrats
927048,[3] Det Konservative Folkeparti - Conservative
927072,"[7] Venstre, Danmarks Liberale Parti - Venstre"
927098,[4] SF Socialistisk Folkeparti - Socialist People's Party
927111,[1] Socialdemokraterne - the Danish social democrats
927137,[9] Enhedslisten - Unity List - The Red-Green Alliance
927179,[NA] Don't know
927187,"[7] Venstre, Danmarks Liberale Parti - Venstre"
927226,"[7] Venstre, Danmarks Liberale Parti - Venstre"
927250,"[7] Venstre, Danmarks Liberale Parti - Venstre"
927276,"[7] Venstre, Danmarks Liberale Parti - Venstre"
927284,[5] Dansk Folkeparti - Danish peoples party
927307,[NA] Not applicable
927323,"[7] Venstre, Danmarks Liberale Parti - Venstre"
927331,"[7] Venstre, Danmarks Liberale Parti - Venstre"
927349,[1] Socialdemokraterne - the Danish social democrats
927373,[NA] Not applicable
927381,[5] Dansk Folkeparti - Danish peoples party
927399,[NA] Not applicable
927462,[2] Det Radikale Venstre - Danish Social-Liberal Party
927488,[1] Socialdemokraterne - the Danish social democrats
927585,[2] Det Radikale Venstre - Danish Social-Liberal Party
927593,[1] Socialdemokraterne - the Danish social democrats
927608,[5] Dansk Folkeparti - Danish peoples party
927616,[1] Socialdemokraterne - the Danish social democrats
927624,[2] Det Radikale Venstre - Danish Social-Liberal Party
927632,[NA] Not applicable
927640,[4] SF Socialistisk Folkeparti - Socialist People's Party
927739,[8] Liberal Alliance - Liberal Alliance
927763,[5] Dansk Folkeparti - Danish peoples party
927771,[9] Enhedslisten - Unity List - The Red-Green Alliance
927828,[3] Det Konservative Folkeparti - Conservative
927836,[1] Socialdemokraterne - the Danish social democrats
927860,[3] Det Konservative Folkeparti - Conservative
927894,[NA] Not applicable
927933,[NA] Not applicable
927959,[1] Socialdemokraterne - the Danish social democrats
927967,"[7] Venstre, Danmarks Liberale Parti - Venstre"
927983,[3] Det Konservative Folkeparti - Conservative
928002,[3] Det Konservative Folkeparti - Conservative
928028,[2] Det Radikale Venstre - Danish Social-Liberal Party
928044,[NA] Not applicable
928060,[1] Socialdemokraterne - the Danish social democrats
928086,[8] Liberal Alliance - Liberal Alliance
928094,[NA] Not applicable
928109,"[7] Venstre, Danmarks Liberale Parti - Venstre"
928125,"[7] Venstre, Danmarks Liberale Parti - Venstre"
928133,[5] Dansk Folkeparti - Danish peoples party
928167,"[7] Venstre, Danmarks Liberale Parti - Venstre"
928175,[1] Socialdemokraterne - the Danish social democrats
928248,[NA] Don't know
928256,"[7] Venstre, Danmarks Liberale Parti - Venstre"
928280,"[7] Venstre, Danmarks Liberale Parti - Venstre"
928298,[NA] Refusal
928303,[1] Socialdemokraterne - the Danish social democrats
928311,[3] Det Konservative Folkeparti - Conservative
928345,[8] Liberal Alliance - Liberal Alliance
928361,[1] Socialdemokraterne - the Danish social democrats
928379,[NA] Not applicable
928400,[8] Liberal Alliance - Liberal Alliance
928418,[NA] Not applicable
928434,[4] SF Socialistisk Folkeparti - Socialist People's Party
928476,"[7] Venstre, Danmarks Liberale Parti - Venstre"
928492,[NA] Not applicable
928515,"[7] Venstre, Danmarks Liberale Parti - Venstre"
928565,[NA] Not applicable
928573,[1] Socialdemokraterne - the Danish social democrats
928604,[1] Socialdemokraterne - the Danish social democrats
928646,[3] Det Konservative Folkeparti - Conservative
928662,[1] Socialdemokraterne - the Danish social democrats
928670,[8] Liberal Alliance - Liberal Alliance
928701,[5] Dansk Folkeparti - Danish peoples party
928727,[NA] Not applicable
928735,[2] Det Radikale Venstre - Danish Social-Liberal Party
928769,[NA] Not applicable
928777,[1] Socialdemokraterne - the Danish social democrats
928785,"[7] Venstre, Danmarks Liberale Parti - Venstre"
928808,[1] Socialdemokraterne - the Danish social democrats
928816,"[7] Venstre, Danmarks Liberale Parti - Venstre"
928824,[10] Andet - other
928832,[NA] Not applicable
928840,[NA] Not applicable
928858,[NA] Not applicable
928874,[NA] Not applicable
928905,[4] SF Socialistisk Folkeparti - Socialist People's Party
928913,[3] Det Konservative Folkeparti - Conservative
928947,[4] SF Socialistisk Folkeparti - Socialist People's Party
928955,[9] Enhedslisten - Unity List - The Red-Green Alliance
928971,"[7] Venstre, Danmarks Liberale Parti - Venstre"
928997,"[7] Venstre, Danmarks Liberale Parti - Venstre"
929032,[1] Socialdemokraterne - the Danish social democrats
929040,[8] Liberal Alliance - Liberal Alliance
929082,"[7] Venstre, Danmarks Liberale Parti - Venstre"
929090,[NA] Not applicable
929105,[1] Socialdemokraterne - the Danish social democrats
929121,[5] Dansk Folkeparti - Danish peoples party
929139,[3] Det Konservative Folkeparti - Conservative
929147,[NA] Refusal
929163,[5] Dansk Folkeparti - Danish peoples party
929171,[NA] Not applicable
929189,[1] Socialdemokraterne - the Danish social democrats
929197,[NA] Refusal
929202,[NA] Not applicable
929210,[1] Socialdemokraterne - the Danish social democrats
929228,[2] Det Radikale Venstre - Danish Social-Liberal Party
929294,[NA] Not applicable
929309,[2] Det Radikale Venstre - Danish Social-Liberal Party
929325,[5] Dansk Folkeparti - Danish peoples party
929359,[5] Dansk Folkeparti - Danish peoples party
929367,"[7] Venstre, Danmarks Liberale Parti - Venstre"
929391,"[7] Venstre, Danmarks Liberale Parti - Venstre"
929406,"[7] Venstre, Danmarks Liberale Parti - Venstre"
929414,[NA] Not applicable
929448,[1] Socialdemokraterne - the Danish social democrats
929456,[NA] Not applicable
929464,[4] SF Socialistisk Folkeparti - Socialist People's Party
929472,[4] SF Socialistisk Folkeparti - Socialist People's Party
929480,[1] Socialdemokraterne - the Danish social democrats
929529,[2] Det Radikale Venstre - Danish Social-Liberal Party
929537,"[7] Venstre, Danmarks Liberale Parti - Venstre"
929545,"[7] Venstre, Danmarks Liberale Parti - Venstre"
929561,[NA] Not applicable
929587,[9] Enhedslisten - Unity List - The Red-Green Alliance
929600,[10] Andet - other
929626,[9] Enhedslisten - Unity List - The Red-Green Alliance
929642,[NA] Not applicable
929668,[1] Socialdemokraterne - the Danish social democrats
929676,"[7] Venstre, Danmarks Liberale Parti - Venstre"
929684,"[7] Venstre, Danmarks Liberale Parti - Venstre"
929692,[1] Socialdemokraterne - the Danish social democrats
929707,[9] Enhedslisten - Unity List - The Red-Green Alliance
929749,[2] Det Radikale Venstre - Danish Social-Liberal Party
929757,[NA] Not applicable
929781,[1] Socialdemokraterne - the Danish social democrats
929799,[2] Det Radikale Venstre - Danish Social-Liberal Party
929854,"[7] Venstre, Danmarks Liberale Parti - Venstre"
929862,[2] Det Radikale Venstre - Danish Social-Liberal Party
929870,[3] Det Konservative Folkeparti - Conservative
929919,[1] Socialdemokraterne - the Danish social democrats
929951,[2] Det Radikale Venstre - Danish Social-Liberal Party
929977,[8] Liberal Alliance - Liberal Alliance
929985,"[7] Venstre, Danmarks Liberale Parti - Venstre"
929993,[NA] Not applicable
930023,[4] SF Socialistisk Folkeparti - Socialist People's Party
930049,[NA] Not applicable
930057,"[7] Venstre, Danmarks Liberale Parti - Venstre"
930104,[3] Det Konservative Folkeparti - Conservative
930112,"[7] Venstre, Danmarks Liberale Parti - Venstre"
930154,[2] Det Radikale Venstre - Danish Social-Liberal Party
930170,[2] Det Radikale Venstre - Danish Social-Liberal Party
930196,[5] Dansk Folkeparti - Danish peoples party
930219,"[7] Venstre, Danmarks Liberale Parti - Venstre"
930227,[2] Det Radikale Venstre - Danish Social-Liberal Party
930285,[NA] Not applicable
930293,[1] Socialdemokraterne - the Danish social democrats
930316,[1] Socialdemokraterne - the Danish social democrats
930324,[1] Socialdemokraterne - the Danish social democrats
930332,[NA] Don't know
930374,[4] SF Socialistisk Folkeparti - Socialist People's Party
930382,[5] Dansk Folkeparti - Danish peoples party
930413,[5] Dansk Folkeparti - Danish peoples party
930439,"[7] Venstre, Danmarks Liberale Parti - Venstre"
930497,[5] Dansk Folkeparti - Danish peoples party
930510,"[7] Venstre, Danmarks Liberale Parti - Venstre"
930528,[NA] Not applicable
930578,[1] Socialdemokraterne - the Danish social democrats
930594,"[7] Venstre, Danmarks Liberale Parti - Venstre"
930625,[5] Dansk Folkeparti - Danish peoples party
930633,[NA] Not applicable
930659,"[7] Venstre, Danmarks Liberale Parti - Venstre"
930667,"[7] Venstre, Danmarks Liberale Parti - Venstre"
930714,[1] Socialdemokraterne - the Danish social democrats
930730,[5] Dansk Folkeparti - Danish peoples party
930772,[1] Socialdemokraterne - the Danish social democrats
930780,"[7] Venstre, Danmarks Liberale Parti - Venstre"
930811,[3] Det Konservative Folkeparti - Conservative
930829,[5] Dansk Folkeparti - Danish peoples party
930845,[1] Socialdemokraterne - the Danish social democrats
930853,"[7] Venstre, Danmarks Liberale Parti - Venstre"
930879,"[7] Venstre, Danmarks Liberale Parti - Venstre"
930887,"[7] Venstre, Danmarks Liberale Parti - Venstre"
930926,[4] SF Socialistisk Folkeparti - Socialist People's Party
930942,[NA] Not applicable
930968,[3] Det Konservative Folkeparti - Conservative
930976,"[7] Venstre, Danmarks Liberale Parti - Venstre"
930984,"[7] Venstre, Danmarks Liberale Parti - Venstre"
930992,[2] Det Radikale Venstre - Danish Social-Liberal Party
931003,[2] Det Radikale Venstre - Danish Social-Liberal Party
931011,[3] Det Konservative Folkeparti - Conservative
931029,[9] Enhedslisten - Unity List - The Red-Green Alliance
931037,[1] Socialdemokraterne - the Danish social democrats
931087,"[7] Venstre, Danmarks Liberale Parti - Venstre"
931095,"[7] Venstre, Danmarks Liberale Parti - Venstre"
931118,"[7] Venstre, Danmarks Liberale Parti - Venstre"
931126,[5] Dansk Folkeparti - Danish peoples party
931134,[NA] Not applicable
931142,[4] SF Socialistisk Folkeparti - Socialist People's Party
931150,[1] Socialdemokraterne - the Danish social democrats
931192,[1] Socialdemokraterne - the Danish social democrats
931207,[NA] Not applicable
931249,[4] SF Socialistisk Folkeparti - Socialist People's Party
931281,[8] Liberal Alliance - Liberal Alliance
931299,[9] Enhedslisten - Unity List - The Red-Green Alliance
931304,[1] Socialdemokraterne - the Danish social democrats
931320,"[7] Venstre, Danmarks Liberale Parti - Venstre"
931338,[2] Det Radikale Venstre - Danish Social-Liberal Party
931354,[NA] Not applicable
931370,[1] Socialdemokraterne - the Danish social democrats
931396,[1] Socialdemokraterne - the Danish social democrats
931419,[1] Socialdemokraterne - the Danish social democrats
931435,[9] Enhedslisten - Unity List - The Red-Green Alliance
931443,[NA] Refusal
931469,[4] SF Socialistisk Folkeparti - Socialist People's Party
931493,[5] Dansk Folkeparti - Danish peoples party
931540,[1] Socialdemokraterne - the Danish social democrats
931566,"[7] Venstre, Danmarks Liberale Parti - Venstre"
931574,[1] Socialdemokraterne - the Danish social democrats
931605,[1] Socialdemokraterne - the Danish social democrats
931621,"[7] Venstre, Danmarks Liberale Parti - Venstre"
931639,[1] Socialdemokraterne - the Danish social democrats
931647,[NA] Not applicable
931663,[8] Liberal Alliance - Liberal Alliance
931689,[2] Det Radikale Venstre - Danish Social-Liberal Party
931697,"[7] Venstre, Danmarks Liberale Parti - Venstre"
931728,[10] Andet - other
931736,[4] SF Socialistisk Folkeparti - Socialist People's Party
931744,[4] SF Socialistisk Folkeparti - Socialist People's Party
931794,[5] Dansk Folkeparti - Danish peoples party
931817,[1] Socialdemokraterne - the Danish social democrats
931825,[NA] Not applicable
931833,[4] SF Socialistisk Folkeparti - Socialist People's Party
931841,[NA] No answer
931867,[NA] Not applicable
931906,[3] Det Konservative Folkeparti - Conservative
931930,[5] Dansk Folkeparti - Danish peoples party
931948,"[7] Venstre, Danmarks Liberale Parti - Venstre"
931964,"[7] Venstre, Danmarks Liberale Parti - Venstre"
932025,[1] Socialdemokraterne - the Danish social democrats
932033,[1] Socialdemokraterne - the Danish social democrats
932041,[NA] Not applicable
932059,[NA] Not applicable
932067,[9] Enhedslisten - Unity List - The Red-Green Alliance
932083,[NA] Not applicable
932091,"[7] Venstre, Danmarks Liberale Parti - Venstre"
932106,[6] Kristendemokraterne - Christian democrats
932130,[8] Liberal Alliance - Liberal Alliance
932148,[NA] Not applicable
932156,[NA] Not applicable
932180,[1] Socialdemokraterne - the Danish social democrats
932229,[3] Det Konservative Folkeparti - Conservative
932237,"[7] Venstre, Danmarks Liberale Parti - Venstre"
932245,[2] Det Radikale Venstre - Danish Social-Liberal Party
932253,[2] Det Radikale Venstre - Danish Social-Liberal Party
932261,[NA] Not applicable
932287,"[7] Venstre, Danmarks Liberale Parti - Venstre"
932318,[10] Andet - other
932368,[2] Det Radikale Venstre - Danish Social-Liberal Party
932407,[NA] Not applicable
932481,[5] Dansk Folkeparti - Danish peoples party
932499,[4] SF Socialistisk Folkeparti - Socialist People's Party
932504,"[7] Venstre, Danmarks Liberale Parti - Venstre"
932512,[4] SF Socialistisk Folkeparti - Socialist People's Party
932520,[NA] Not applicable
932538,"[7] Venstre, Danmarks Liberale Parti - Venstre"
932546,[9] Enhedslisten - Unity List - The Red-Green Alliance
932562,[1] Socialdemokraterne - the Danish social democrats
932570,[3] Det Konservative Folkeparti - Conservative
932588,[8] Liberal Alliance - Liberal Alliance
932596,[1] Socialdemokraterne - the Danish social democrats
932601,[1] Socialdemokraterne - the Danish social democrats
932643,[4] SF Socialistisk Folkeparti - Socialist People's Party
932651,[NA] Not applicable
932669,"[7] Venstre, Danmarks Liberale Parti - Venstre"
932677,[4] SF Socialistisk Folkeparti - Socialist People's Party
932685,[NA] Not applicable
932708,"[7] Venstre, Danmarks Liberale Parti - Venstre"
932716,[3] Det Konservative Folkeparti - Conservative
932724,[1] Socialdemokraterne - the Danish social democrats
932732,[2] Det Radikale Venstre - Danish Social-Liberal Party
932758,[1] Socialdemokraterne - the Danish social democrats
932766,[4] SF Socialistisk Folkeparti - Socialist People's Party
932774,[4] SF Socialistisk Folkeparti - Socialist People's Party
932855,[NA] Not applicable
932871,[1] Socialdemokraterne - the Danish social democrats
932889,"[7] Venstre, Danmarks Liberale Parti - Venstre"
932897,[8] Liberal Alliance - Liberal Alliance
932902,"[7] Venstre, Danmarks Liberale Parti - Venstre"
932910,"[7] Venstre, Danmarks Liberale Parti - Venstre"
932928,[NA] Refusal
932978,[5] Dansk Folkeparti - Danish peoples party
933005,[1] Socialdemokraterne - the Danish social democrats
933013,[9] Enhedslisten - Unity List - The Red-Green Alliance
933021,[4] SF Socialistisk Folkeparti - Socialist People's Party
933039,"[7] Venstre, Danmarks Liberale Parti - Venstre"
933071,"[7] Venstre, Danmarks Liberale Parti - Venstre"
933097,"[7] Venstre, Danmarks Liberale Parti - Venstre"
933110,[5] Dansk Folkeparti - Danish peoples party
933128,[4] SF Socialistisk Folkeparti - Socialist People's Party
933144,[NA] Not applicable
933160,[3] Det Konservative Folkeparti - Conservative
933178,[NA] Not applicable
933186,[9] Enhedslisten - Unity List - The Red-Green Alliance
933209,[2] Det Radikale Venstre - Danish Social-Liberal Party
933233,[NA] Not applicable
933259,[1] Socialdemokraterne - the Danish social democrats
933275,[5] Dansk Folkeparti - Danish peoples party
933291,[NA] Not applicable
933322,[5] Dansk Folkeparti - Danish peoples party
933348,[NA] Not applicable
933372,[2] Det Radikale Venstre - Danish Social-Liberal Party
933398,[9] Enhedslisten - Unity List - The Red-Green Alliance
933403,[2] Det Radikale Venstre - Danish Social-Liberal Party
933429,[NA] Not applicable
933445,[2] Det Radikale Venstre - Danish Social-Liberal Party
933461,[5] Dansk Folkeparti - Danish peoples party
933487,[NA] Refusal
933518,[NA] Not applicable
933542,[NA] Not applicable
933607,[NA] Not applicable
933623,"[7] Venstre, Danmarks Liberale Parti - Venstre"
933649,[1] Socialdemokraterne - the Danish social democrats
933657,"[7] Venstre, Danmarks Liberale Parti - Venstre"
933673,"[7] Venstre, Danmarks Liberale Parti - Venstre"
933704,[1] Socialdemokraterne - the Danish social democrats
933712,[1] Socialdemokraterne - the Danish social democrats
933738,"[7] Venstre, Danmarks Liberale Parti - Venstre"
933835,[5] Dansk Folkeparti - Danish peoples party
933869,[NA] Not applicable
933893,[NA] Not applicable
933908,[1] Socialdemokraterne - the Danish social democrats
933916,[9] Enhedslisten - Unity List - The Red-Green Alliance
933924,[4] SF Socialistisk Folkeparti - Socialist People's Party
933940,[3] Det Konservative Folkeparti - Conservative
933974,[NA] Not applicable
933990,[1] Socialdemokraterne - the Danish social democrats
934001,[2] Det Radikale Venstre - Danish Social-Liberal Party
934035,[NA] Not applicable
934069,[2] Det Radikale Venstre - Danish Social-Liberal Party
934077,"[7] Venstre, Danmarks Liberale Parti - Venstre"
934093,[NA] Not applicable
934108,[NA] Not applicable
934124,[NA] Refusal
934158,"[7] Venstre, Danmarks Liberale Parti - Venstre"
934190,[NA] Don't know
934247,[NA] Not applicable
934255,[NA] Refusal
934263,"[7] Venstre, Danmarks Liberale Parti - Venstre"
934289,[9] Enhedslisten - Unity List - The Red-Green Alliance
934302,[1] Socialdemokraterne - the Danish social democrats
934344,[NA] Not applicable
934352,[9] Enhedslisten - Unity List - The Red-Green Alliance
934360,[5] Dansk Folkeparti - Danish peoples party
934386,[5] Dansk Folkeparti - Danish peoples party
934433,[1] Socialdemokraterne - the Danish social democrats
934467,[1] Socialdemokraterne - the Danish social democrats
934475,[1] Socialdemokraterne - the Danish social democrats
934483,[1] Socialdemokraterne - the Danish social democrats
934491,"[7] Venstre, Danmarks Liberale Parti - Venstre"
934522,[10] Andet - other
934548,"[7] Venstre, Danmarks Liberale Parti - Venstre"
934556,[1] Socialdemokraterne - the Danish social democrats
934564,[NA] Not applicable
934611,"[7] Venstre, Danmarks Liberale Parti - Venstre"
934629,[5] Dansk Folkeparti - Danish peoples party
934637,"[7] Venstre, Danmarks Liberale Parti - Venstre"
934645,"[7] Venstre, Danmarks Liberale Parti - Venstre"
934653,[4] SF Socialistisk Folkeparti - Socialist People's Party
934661,[5] Dansk Folkeparti - Danish peoples party
934695,[3] Det Konservative Folkeparti - Conservative
934700,"[7] Venstre, Danmarks Liberale Parti - Venstre"
934726,[1] Socialdemokraterne - the Danish social democrats
934750,[1] Socialdemokraterne - the Danish social democrats
934784,[4] SF Socialistisk Folkeparti - Socialist People's Party
934807,"[7] Venstre, Danmarks Liberale Parti - Venstre"
934831,"[7] Venstre, Danmarks Liberale Parti - Venstre"
934865,"[7] Venstre, Danmarks Liberale Parti - Venstre"
934873,[1] Socialdemokraterne - the Danish social democrats
934881,[1] Socialdemokraterne - the Danish social democrats
934904,[1] Socialdemokraterne - the Danish social democrats
934912,[3] Det Konservative Folkeparti - Conservative
934938,[3] Det Konservative Folkeparti - Conservative
934954,[2] Det Radikale Venstre - Danish Social-Liberal Party
934962,[NA] Refusal
934970,"[7] Venstre, Danmarks Liberale Parti - Venstre"
934988,[NA] Don't know
934996,"[7] Venstre, Danmarks Liberale Parti - Venstre"
935007,[3] Det Konservative Folkeparti - Conservative
935057,[4] SF Socialistisk Folkeparti - Socialist People's Party
935099,"[7] Venstre, Danmarks Liberale Parti - Venstre"
935104,[NA] Not applicable
935112,[8] Liberal Alliance - Liberal Alliance
935138,[5] Dansk Folkeparti - Danish peoples party
935170,[4] SF Socialistisk Folkeparti - Socialist People's Party
935235,"[7] Venstre, Danmarks Liberale Parti - Venstre"
935251,[1] Socialdemokraterne - the Danish social democrats
935269,[NA] Not applicable
935285,[NA] Not applicable
935316,[NA] Refusal
935332,[NA] Don't know
935340,[NA] Not applicable
935382,[5] Dansk Folkeparti - Danish peoples party
935405,[1] Socialdemokraterne - the Danish social democrats
935439,"[7] Venstre, Danmarks Liberale Parti - Venstre"
935463,[5] Dansk Folkeparti - Danish peoples party
935489,[2] Det Radikale Venstre - Danish Social-Liberal Party
935502,[NA] Not applicable
935536,"[7] Venstre, Danmarks Liberale Parti - Venstre"
935560,[1] Socialdemokraterne - the Danish social democrats
935586,[NA] Not applicable
935594,[NA] Not applicable
935609,[2] Det Radikale Venstre - Danish Social-Liberal Party
935633,[1] Socialdemokraterne - the Danish social democrats
935641,[2] Det Radikale Venstre - Danish Social-Liberal Party
935659,[NA] Not applicable
935667,[5] Dansk Folkeparti - Danish peoples party
935706,"[7] Venstre, Danmarks Liberale Parti - Venstre"
935714,[NA] Not applicable
935764,[10] Andet - other
935780,[8] Liberal Alliance - Liberal Alliance
935811,[9] Enhedslisten - Unity List - The Red-Green Alliance
935829,[2] Det Radikale Venstre - Danish Social-Liberal Party
935845,"[7] Venstre, Danmarks Liberale Parti - Venstre"
935853,[6] Kristendemokraterne - Christian democrats
935879,[2] Det Radikale Venstre - Danish Social-Liberal Party
935887,[NA] Refusal
935895,[2] Det Radikale Venstre - Danish Social-Liberal Party
935934,[NA] Not applicable
935950,[8] Liberal Alliance - Liberal Alliance
935968,"[7] Venstre, Danmarks Liberale Parti - Venstre"
935976,[NA] Not applicable
935984,[1] Socialdemokraterne - the Danish social democrats
936003,[NA] Not applicable
936011,[5] Dansk Folkeparti - Danish peoples party
936037,[NA] Not applicable
936053,[NA] Refusal
936079,[2] Det Radikale Venstre - Danish Social-Liberal Party
936087,[NA] Not applicable
936095,[3] Det Konservative Folkeparti - Conservative
936100,[NA] Not applicable
936118,[1] Socialdemokraterne - the Danish social democrats
936134,[NA] Not applicable
936150,"[7] Venstre, Danmarks Liberale Parti - Venstre"
936184,[3] Det Konservative Folkeparti - Conservative
936207,[6] Kristendemokraterne - Christian democrats
936249,[9] Enhedslisten - Unity List - The Red-Green Alliance
936265,"[7] Venstre, Danmarks Liberale Parti - Venstre"
936273,[1] Socialdemokraterne - the Danish social democrats
936281,[2] Det Radikale Venstre - Danish Social-Liberal Party
936299,[5] Dansk Folkeparti - Danish peoples party
936312,[1] Socialdemokraterne - the Danish social democrats
936320,[2] Det Radikale Venstre - Danish Social-Liberal Party
936346,[2] Det Radikale Venstre - Danish Social-Liberal Party
936362,[1] Socialdemokraterne - the Danish social democrats
936370,"[7] Venstre, Danmarks Liberale Parti - Venstre"
936396,[1] Socialdemokraterne - the Danish social democrats
936427,[4] SF Socialistisk Folkeparti - Socialist People's Party
936435,[6] Kristendemokraterne - Christian democrats
936443,[1] Socialdemokraterne - the Danish social democrats
936485,"[7] Venstre, Danmarks Liberale Parti - Venstre"
936516,"[7] Venstre, Danmarks Liberale Parti - Venstre"
936540,"[7] Venstre, Danmarks Liberale Parti - Venstre"
936558,[NA] Not applicable
936566,[NA] Don't know
936574,[4] SF Socialistisk Folkeparti - Socialist People's Party
936590,[5] Dansk Folkeparti - Danish peoples party
936621,"[7] Venstre, Danmarks Liberale Parti - Venstre"
936655,[NA] Not applicable
936663,[1] Socialdemokraterne - the Danish social democrats
936697,[1] Socialdemokraterne - the Danish social democrats
936702,[4] SF Socialistisk Folkeparti - Socialist People's Party
936710,[4] SF Socialistisk Folkeparti - Socialist People's Party
936728,"[7] Venstre, Danmarks Liberale Parti - Venstre"
936736,[2] Det Radikale Venstre - Danish Social-Liberal Party
936744,[NA] Not applicable
936752,[2] Det Radikale Venstre - Danish Social-Liberal Party
936760,[8] Liberal Alliance - Liberal Alliance
936778,[NA] Refusal
936794,[NA] Refusal
936825,[NA] Not applicable
936859,[9] Enhedslisten - Unity List - The Red-Green Alliance
936883,"[7] Venstre, Danmarks Liberale Parti - Venstre"
936906,[5] Dansk Folkeparti - Danish peoples party
936922,[1] Socialdemokraterne - the Danish social democrats
936948,[1] Socialdemokraterne - the Danish social democrats
936956,[2] Det Radikale Venstre - Danish Social-Liberal Party
936964,[3] Det Konservative Folkeparti - Conservative
936980,[5] Dansk Folkeparti - Danish peoples party
936998,[10] Andet - other
937009,[1] Socialdemokraterne - the Danish social democrats
937017,[1] Socialdemokraterne - the Danish social democrats
937041,[5] Dansk Folkeparti - Danish peoples party
937059,[NA] Not applicable
937083,"[7] Venstre, Danmarks Liberale Parti - Venstre"
937106,[NA] Not applicable
937114,[3] Det Konservative Folkeparti - Conservative
937148,[NA] Not applicable
937172,[9] Enhedslisten - Unity List - The Red-Green Alliance
937180,[NA] Not applicable
937198,[9] Enhedslisten - Unity List - The Red-Green Alliance
937245,"[7] Venstre, Danmarks Liberale Parti - Venstre"
937253,[4] SF Socialistisk Folkeparti - Socialist People's Party
937261,[3] Det Konservative Folkeparti - Conservative
937318,[1] Socialdemokraterne - the Danish social democrats
937342,[5] Dansk Folkeparti - Danish peoples party
937368,[1] Socialdemokraterne - the Danish social democrats
937376,"[7] Venstre, Danmarks Liberale Parti - Venstre"
937384,"[7] Venstre, Danmarks Liberale Parti - Venstre"
937392,[NA] Don't know
937415,[NA] Not applicable
937423,"[7] Venstre, Danmarks Liberale Parti - Venstre"
937431,"[7] Venstre, Danmarks Liberale Parti - Venstre"
937449,[10] Andet - other
937465,[NA] Not applicable
937499,"[7] Venstre, Danmarks Liberale Parti - Venstre"
937504,[4] SF Socialistisk Folkeparti - Socialist People's Party
937538,[NA] Not applicable
937546,[1] Socialdemokraterne - the Danish social democrats
937554,[NA] Not applicable
937562,[5] Dansk Folkeparti - Danish peoples party
937596,[4] SF Socialistisk Folkeparti - Socialist People's Party
937619,[NA] Not applicable
937627,"[7] Venstre, Danmarks Liberale Parti - Venstre"
937643,[1] Socialdemokraterne - the Danish social democrats
937677,"[7] Venstre, Danmarks Liberale Parti - Venstre"
937716,[NA] Refusal
937758,[2] Det Radikale Venstre - Danish Social-Liberal Party
937774,[2] Det Radikale Venstre - Danish Social-Liberal Party
937782,"[7] Venstre, Danmarks Liberale Parti - Venstre"
937805,[3] Det Konservative Folkeparti - Conservative
937813,[1] Socialdemokraterne - the Danish social democrats
937821,[5] Dansk Folkeparti - Danish peoples party
937839,[1] Socialdemokraterne - the Danish social democrats
937863,"[7] Venstre, Danmarks Liberale Parti - Venstre"
937910,[8] Liberal Alliance - Liberal Alliance
937928,[1] Socialdemokraterne - the Danish social democrats
937952,[1] Socialdemokraterne - the Danish social democrats
937960,[1] Socialdemokraterne - the Danish social democrats
938005,[2] Det Radikale Venstre - Danish Social-Liberal Party
938013,[5] Dansk Folkeparti - Danish peoples party
938039,[4] SF Socialistisk Folkeparti - Socialist People's Party
938047,"[7] Venstre, Danmarks Liberale Parti - Venstre"
938055,[NA] Don't know
938063,"[7] Venstre, Danmarks Liberale Parti - Venstre"
938071,"[7] Venstre, Danmarks Liberale Parti - Venstre"
938102,"[7] Venstre, Danmarks Liberale Parti - Venstre"
938110,"[7] Venstre, Danmarks Liberale Parti - Venstre"
938128,[1] Socialdemokraterne - the Danish social democrats
938136,[5] Dansk Folkeparti - Danish peoples party
938160,[NA] Refusal
938178,[1] Socialdemokraterne - the Danish social democrats
938194,"[7] Venstre, Danmarks Liberale Parti - Venstre"
938225,[NA] Not applicable
938241,[1] Socialdemokraterne - the Danish social democrats
938259,[2] Det Radikale Venstre - Danish Social-Liberal Party
938283,[NA] Not applicable
938348,[2] Det Radikale Venstre - Danish Social-Liberal Party
938356,"[7] Venstre, Danmarks Liberale Parti - Venstre"
938364,[9] Enhedslisten - Unity List - The Red-Green Alliance
938372,[5] Dansk Folkeparti - Danish peoples party
938380,[NA] Not applicable
938398,"[7] Venstre, Danmarks Liberale Parti - Venstre"
938411,[9] Enhedslisten - Unity List - The Red-Green Alliance
938437,[NA] Not applicable
938453,[5] Dansk Folkeparti - Danish peoples party
938461,[1] Socialdemokraterne - the Danish social democrats
938479,[3] Det Konservative Folkeparti - Conservative
938487,[NA] Refusal
938495,[3] Det Konservative Folkeparti - Conservative
938534,[NA] Not applicable
938542,[4] SF Socialistisk Folkeparti - Socialist People's Party
938550,"[7] Venstre, Danmarks Liberale Parti - Venstre"
938607,[8] Liberal Alliance - Liberal Alliance
938615,[9] Enhedslisten - Unity List - The Red-Green Alliance
938623,[2] Det Radikale Venstre - Danish Social-Liberal Party
938631,[1] Socialdemokraterne - the Danish social democrats
938657,[8] Liberal Alliance - Liberal Alliance
938665,[NA] Not applicable
938681,[9] Enhedslisten - Unity List - The Red-Green Alliance
938699,[1] Socialdemokraterne - the Danish social democrats
938704,[1] Socialdemokraterne - the Danish social democrats
938720,"[7] Venstre, Danmarks Liberale Parti - Venstre"
938788,"[7] Venstre, Danmarks Liberale Parti - Venstre"
938843,[4] SF Socialistisk Folkeparti - Socialist People's Party
938851,"[7] Venstre, Danmarks Liberale Parti - Venstre"
938885,[4] SF Socialistisk Folkeparti - Socialist People's Party
938908,[NA] Not applicable
938916,"[7] Venstre, Danmarks Liberale Parti - Venstre"
938932,[2] Det Radikale Venstre - Danish Social-Liberal Party
938940,[NA] Not applicable
938958,[NA] Not applicable
938966,[2] Det Radikale Venstre - Danish Social-Liberal Party
938974,[NA] Don't know
939001,[2] Det Radikale Venstre - Danish Social-Liberal Party
939019,[1] Socialdemokraterne - the Danish social democrats
939051,[10] Andet - other
939093,[NA] Not applicable
939116,[4] SF Socialistisk Folkeparti - Socialist People's Party
939124,[1] Socialdemokraterne - the Danish social democrats
939132,[4] SF Socialistisk Folkeparti - Socialist People's Party
939140,[8] Liberal Alliance - Liberal Alliance
939174,[4] SF Socialistisk Folkeparti - Socialist People's Party
939182,"[7] Venstre, Danmarks Liberale Parti - Venstre"
939190,[9] Enhedslisten - Unity List - The Red-Green Alliance
939239,[4] SF Socialistisk Folkeparti - Socialist People's Party
939271,"[7] Venstre, Danmarks Liberale Parti - Venstre"
939297,[1] Socialdemokraterne - the Danish social democrats
939302,[NA] Refusal
939344,[2] Det Radikale Venstre - Danish Social-Liberal Party
939360,[NA] Not applicable
939386,[8] Liberal Alliance - Liberal Alliance
939433,[3] Det Konservative Folkeparti - Conservative
939441,[NA] Refusal
939459,"[7] Venstre, Danmarks Liberale Parti - Venstre"
939467,[5] Dansk Folkeparti - Danish peoples party
939483,[4] SF Socialistisk Folkeparti - Socialist People's Party
939491,[NA] Not applicable
939506,"[7] Venstre, Danmarks Liberale Parti - Venstre"
939530,[2] Det Radikale Venstre - Danish Social-Liberal Party
939556,[3] Det Konservative Folkeparti - Conservative
939603,[NA] Refusal
939611,"[7] Venstre, Danmarks Liberale Parti - Venstre"
939629,[4] SF Socialistisk Folkeparti - Socialist People's Party
939637,[NA] Not applicable
939653,[9] Enhedslisten - Unity List - The Red-Green Alliance
939661,[1] Socialdemokraterne - the Danish social democrats
939700,[3] Det Konservative Folkeparti - Conservative
939718,[1] Socialdemokraterne - the Danish social democrats
939742,[5] Dansk Folkeparti - Danish peoples party
939784,"[7] Venstre, Danmarks Liberale Parti - Venstre"
939792,[NA] Refusal
939807,[1] Socialdemokraterne - the Danish social democrats
939865,[NA] Not applicable
939873,[NA] Not applicable
939881,[NA] Not applicable
939899,[NA] Not applicable
939904,[3] Det Konservative Folkeparti - Conservative
939920,[4] SF Socialistisk Folkeparti - Socialist People's Party
939938,[3] Det Konservative Folkeparti - Conservative
939946,[NA] Not applicable
939970,[8] Liberal Alliance - Liberal Alliance
940026,[NA] Not applicable
940034,[5] Dansk Folkeparti - Danish peoples party
940042,"[7] Venstre, Danmarks Liberale Parti - Venstre"
940050,[NA] Not applicable
940076,[NA] Not applicable
940084,[1] Socialdemokraterne - the Danish social democrats
940107,[NA] Not applicable
940149,[1] Socialdemokraterne - the Danish social democrats
940165,[1] Socialdemokraterne - the Danish social democrats
940173,[1] Socialdemokraterne - the Danish social democrats
940199,[3] Det Konservative Folkeparti - Conservative
940246,[4] SF Socialistisk Folkeparti - Socialist People's Party
940254,"[7] Venstre, Danmarks Liberale Parti - Venstre"
940288,[1] Socialdemokraterne - the Danish social democrats
940296,[1] Socialdemokraterne - the Danish social democrats
940301,[5] Dansk Folkeparti - Danish peoples party
940319,[4] SF Socialistisk Folkeparti - Socialist People's Party
940335,[NA] Not applicable
940343,[1] Socialdemokraterne - the Danish social democrats
940351,[4] SF Socialistisk Folkeparti - Socialist People's Party
940369,[9] Enhedslisten - Unity List - The Red-Green Alliance
940377,[2] Det Radikale Venstre - Danish Social-Liberal Party
940385,"[7] Venstre, Danmarks Liberale Parti - Venstre"
940416,[NA] Not applicable
940424,[1] Socialdemokraterne - the Danish social democrats
940440,[NA] Not applicable
940458,"[7] Venstre, Danmarks Liberale Parti - Venstre"
940466,[3] Det Konservative Folkeparti - Conservative
940490,"[7] Venstre, Danmarks Liberale Parti - Venstre"
940505,"[7] Venstre, Danmarks Liberale Parti - Venstre"
940539,[NA] Refusal
940547,"[7] Venstre, Danmarks Liberale Parti - Venstre"
940571,[9] Enhedslisten - Unity List - The Red-Green Alliance
940628,[3] Det Konservative Folkeparti - Conservative
940644,[NA] Not applicable
940652,"[7] Venstre, Danmarks Liberale Parti - Venstre"
940660,[5] Dansk Folkeparti - Danish peoples party
940678,[NA] Not applicable
940686,[2] Det Radikale Venstre - Danish Social-Liberal Party
940694,[1] Socialdemokraterne - the Danish social democrats
940717,[4] SF Socialistisk Folkeparti - Socialist People's Party
940725,[1] Socialdemokraterne - the Danish social democrats
940733,"[7] Venstre, Danmarks Liberale Parti - Venstre"
940759,[NA] Not applicable
940775,[8] Liberal Alliance - Liberal Alliance
940783,[1] Socialdemokraterne - the Danish social democrats
940806,"[7] Venstre, Danmarks Liberale Parti - Venstre"
940822,[5] Dansk Folkeparti - Danish peoples party
940830,[5] Dansk Folkeparti - Danish peoples party
940848,[1] Socialdemokraterne - the Danish social democrats
940856,[1] Socialdemokraterne - the Danish social democrats
940864,[9] Enhedslisten - Unity List - The Red-Green Alliance
940880,[2] Det Radikale Venstre - Danish Social-Liberal Party
940898,[6] Kristendemokraterne - Christian democrats
940903,[8] Liberal Alliance - Liberal Alliance
940945,[6] Kristendemokraterne - Christian democrats
940979,"[7] Venstre, Danmarks Liberale Parti - Venstre"
940987,"[7] Venstre, Danmarks Liberale Parti - Venstre"
941014,[9] Enhedslisten - Unity List - The Red-Green Alliance
941030,[4] SF Socialistisk Folkeparti - Socialist People's Party
941103,[NA] Not applicable
941129,[2] Det Radikale Venstre - Danish Social-Liberal Party
941153,[4] SF Socialistisk Folkeparti - Socialist People's Party
941179,[1] Socialdemokraterne - the Danish social democrats
941195,[5] Dansk Folkeparti - Danish peoples party
941200,"[7] Venstre, Danmarks Liberale Parti - Venstre"
941226,[2] Det Radikale Venstre - Danish Social-Liberal Party
941242,"[7] Venstre, Danmarks Liberale Parti - Venstre"
941268,"[7] Venstre, Danmarks Liberale Parti - Venstre"
941284,[9] Enhedslisten - Unity List - The Red-Green Alliance
941307,"[7] Venstre, Danmarks Liberale Parti - Venstre"
941323,[2] Det Radikale Venstre - Danish Social-Liberal Party
941331,[2] Det Radikale Venstre - Danish Social-Liberal Party
941365,"[7] Venstre, Danmarks Liberale Parti - Venstre"
941373,[NA] Not applicable
941412,"[7] Venstre, Danmarks Liberale Parti - Venstre"
941420,[1] Socialdemokraterne - the Danish social democrats
941438,[5] Dansk Folkeparti - Danish peoples party
941470,[4] SF Socialistisk Folkeparti - Socialist People's Party
941501,[5] Dansk Folkeparti - Danish peoples party
941519,[1] Socialdemokraterne - the Danish social democrats
941535,[2] Det Radikale Venstre - Danish Social-Liberal Party
941543,[2] Det Radikale Venstre - Danish Social-Liberal Party
941551,"[7] Venstre, Danmarks Liberale Parti - Venstre"
941569,[2] Det Radikale Venstre - Danish Social-Liberal Party
941577,[4] SF Socialistisk Folkeparti - Socialist People's Party
941585,[9] Enhedslisten - Unity List - The Red-Green Alliance
941608,"[7] Venstre, Danmarks Liberale Parti - Venstre"
941640,[4] SF Socialistisk Folkeparti - Socialist People's Party
941674,[5] Dansk Folkeparti - Danish peoples party
941721,[1] Socialdemokraterne - the Danish social democrats
941739,[2] Det Radikale Venstre - Danish Social-Liberal Party
941747,[1] Socialdemokraterne - the Danish social democrats
941755,[6] Kristendemokraterne - Christian democrats
941763,[NA] Not applicable
941771,[9] Enhedslisten - Unity List - The Red-Green Alliance
941797,[5] Dansk Folkeparti - Danish peoples party
941802,[1] Socialdemokraterne - the Danish social democrats
941828,[1] Socialdemokraterne - the Danish social democrats
941844,[3] Det Konservative Folkeparti - Conservative
941860,[3] Det Konservative Folkeparti - Conservative
941878,[2] Det Radikale Venstre - Danish Social-Liberal Party
941886,[4] SF Socialistisk Folkeparti - Socialist People's Party
941894,"[7] Venstre, Danmarks Liberale Parti - Venstre"
941909,[4] SF Socialistisk Folkeparti - Socialist People's Party
941917,[5] Dansk Folkeparti - Danish peoples party
941959,[9] Enhedslisten - Unity List - The Red-Green Alliance
941975,[9] Enhedslisten - Unity List - The Red-Green Alliance
941983,[5] Dansk Folkeparti - Danish peoples party
941991,[1] Socialdemokraterne - the Danish social democrats
942010,[NA] Refusal
942036,[9] Enhedslisten - Unity List - The Red-Green Alliance
942044,[NA] Not applicable
942078,[3] Det Konservative Folkeparti - Conservative
942086,[1] Socialdemokraterne - the Danish social democrats
942094,[2] Det Radikale Venstre - Danish Social-Liberal Party
942117,[2] Det Radikale Venstre - Danish Social-Liberal Party
942141,[4] SF Socialistisk Folkeparti - Socialist People's Party
942175,"[7] Venstre, Danmarks Liberale Parti - Venstre"
942183,[1] Socialdemokraterne - the Danish social democrats
942230,[1] Socialdemokraterne - the Danish social democrats
942248,[1] Socialdemokraterne - the Danish social democrats
942256,[5] Dansk Folkeparti - Danish peoples party
942264,[2] Det Radikale Venstre - Danish Social-Liberal Party
942280,[3] Det Konservative Folkeparti - Conservative
942298,[8] Liberal Alliance - Liberal Alliance
942337,[4] SF Socialistisk Folkeparti - Socialist People's Party
942361,[1] Socialdemokraterne - the Danish social democrats
942395,[NA] No answer
942442,"[7] Venstre, Danmarks Liberale Parti - Venstre"
942468,[1] Socialdemokraterne - the Danish social democrats
942476,"[7] Venstre, Danmarks Liberale Parti - Venstre"
942484,[NA] Not applicable
942492,[NA] Not applicable
942515,[9] Enhedslisten - Unity List - The Red-Green Alliance
942531,"[7] Venstre, Danmarks Liberale Parti - Venstre"
942557,[4] SF Socialistisk Folkeparti - Socialist People's Party
942565,[1] Socialdemokraterne - the Danish social democrats
942599,[2] Det Radikale Venstre - Danish Social-Liberal Party
942604,[3] Det Konservative Folkeparti - Conservative
942620,[5] Dansk Folkeparti - Danish peoples party
942638,[1] Socialdemokraterne - the Danish social democrats
942662,[5] Dansk Folkeparti - Danish peoples party
942701,[1] Socialdemokraterne - the Danish social democrats
942719,"[7] Venstre, Danmarks Liberale Parti - Venstre"
942727,[5] Dansk Folkeparti - Danish peoples party
942743,[1] Socialdemokraterne - the Danish social democrats
942785,[1] Socialdemokraterne - the Danish social democrats
942793,"[7] Venstre, Danmarks Liberale Parti - Venstre"
942808,[1] Socialdemokraterne - the Danish social democrats
942816,[5] Dansk Folkeparti - Danish peoples party
942824,[NA] Not applicable
942840,"[7] Venstre, Danmarks Liberale Parti - Venstre"
942866,[2] Det Radikale Venstre - Danish Social-Liberal Party
942874,"[7] Venstre, Danmarks Liberale Parti - Venstre"
942890,[NA] Not applicable
942913,[NA] Not applicable
942939,[5] Dansk Folkeparti - Danish peoples party
942947,[4] SF Socialistisk Folkeparti - Socialist People's Party
942955,[NA] Not applicable
942963,[8] Liberal Alliance - Liberal Alliance
943008,[1] Socialdemokraterne - the Danish social democrats
943016,[4] SF Socialistisk Folkeparti - Socialist People's Party
943040,[2] Det Radikale Venstre - Danish Social-Liberal Party
943058,[NA] Not applicable
943066,[4] SF Socialistisk Folkeparti - Socialist People's Party
943082,[5] Dansk Folkeparti - Danish peoples party
943090,[9] Enhedslisten - Unity List - The Red-Green Alliance
943105,"[7] Venstre, Danmarks Liberale Parti - Venstre"
943121,"[7] Venstre, Danmarks Liberale Parti - Venstre"
943147,[NA] Not applicable
943155,[1] Socialdemokraterne - the Danish social democrats
943171,[9] Enhedslisten - Unity List - The Red-Green Alliance
943210,"[7] Venstre, Danmarks Liberale Parti - Venstre"
943236,[1] Socialdemokraterne - the Danish social democrats
943260,[1] Socialdemokraterne - the Danish social democrats
943278,[1] Socialdemokraterne - the Danish social democrats
943286,[9] Enhedslisten - Unity List - The Red-Green Alliance
943294,"[7] Venstre, Danmarks Liberale Parti - Venstre"
943309,[1] Socialdemokraterne - the Danish social democrats
943317,[1] Socialdemokraterne - the Danish social democrats
943325,[NA] Not applicable
943333,[5] Dansk Folkeparti - Danish peoples party
943341,[NA] Not applicable
943367,[NA] Not applicable
943430,[2] Det Radikale Venstre - Danish Social-Liberal Party
943448,[NA] Don't know
943464,"[7] Venstre, Danmarks Liberale Parti - Venstre"
943480,[NA] Refusal
943498,[8] Liberal Alliance - Liberal Alliance
943511,[NA] Not applicable
943529,"[7] Venstre, Danmarks Liberale Parti - Venstre"
943545,[1] Socialdemokraterne - the Danish social democrats
943553,[2] Det Radikale Venstre - Danish Social-Liberal Party
943595,[NA] Not applicable
943618,[3] Det Konservative Folkeparti - Conservative
943626,[3] Det Konservative Folkeparti - Conservative
943634,"[7] Venstre, Danmarks Liberale Parti - Venstre"
943642,[NA] Refusal
943668,"[7] Venstre, Danmarks Liberale Parti - Venstre"
943684,[1] Socialdemokraterne - the Danish social democrats
943715,[1] Socialdemokraterne - the Danish social democrats
943749,[10] Andet - other
943757,"[7] Venstre, Danmarks Liberale Parti - Venstre"
943765,[2] Det Radikale Venstre - Danish Social-Liberal Party
943773,[4] SF Socialistisk Folkeparti - Socialist People's Party
943846,"[7] Venstre, Danmarks Liberale Parti - Venstre"
943896,"[7] Venstre, Danmarks Liberale Parti - Venstre"
943927,"[7] Venstre, Danmarks Liberale Parti - Venstre"
943951,[1] Socialdemokraterne - the Danish social democrats
943969,"[7] Venstre, Danmarks Liberale Parti - Venstre"
943985,[9] Enhedslisten - Unity List - The Red-Green Alliance
943993,[4] SF Socialistisk Folkeparti - Socialist People's Party
944004,[9] Enhedslisten - Unity List - The Red-Green Alliance
944012,"[7] Venstre, Danmarks Liberale Parti - Venstre"
944020,[2] Det Radikale Venstre - Danish Social-Liberal Party
944046,[2] Det Radikale Venstre - Danish Social-Liberal Party
944062,[NA] Not applicable
944070,[NA] Refusal
944088,[8] Liberal Alliance - Liberal Alliance
944101,[1] Socialdemokraterne - the Danish social democrats
944119,[NA] Not applicable
944127,[9] Enhedslisten - Unity List - The Red-Green Alliance
944135,"[7] Venstre, Danmarks Liberale Parti - Venstre"
944193,"[7] Venstre, Danmarks Liberale Parti - Venstre"
944208,[NA] Not applicable
944216,[NA] Refusal
944258,[2] Det Radikale Venstre - Danish Social-Liberal Party
944266,[1] Socialdemokraterne - the Danish social democrats
944313,"[7] Venstre, Danmarks Liberale Parti - Venstre"
944347,[NA] Not applicable
944355,[5] Dansk Folkeparti - Danish peoples party
944363,[4] SF Socialistisk Folkeparti - Socialist People's Party
944371,[NA] Not applicable
944397,[10] Andet - other
944428,"[7] Venstre, Danmarks Liberale Parti - Venstre"
944436,"[7] Venstre, Danmarks Liberale Parti - Venstre"
944444,[NA] Don't know
944478,[4] SF Socialistisk Folkeparti - Socialist People's Party
944517,[NA] Not applicable
944525,[NA] Refusal
944541,"[7] Venstre, Danmarks Liberale Parti - Venstre"
944567,"[7] Venstre, Danmarks Liberale Parti - Venstre"
944575,[8] Liberal Alliance - Liberal Alliance
944591,[4] SF Socialistisk Folkeparti - Socialist People's Party
944606,[1] Socialdemokraterne - the Danish social democrats
944622,"[7] Venstre, Danmarks Liberale Parti - Venstre"
944630,"[7] Venstre, Danmarks Liberale Parti - Venstre"
944648,[5] Dansk Folkeparti - Danish peoples party
944664,[2] Det Radikale Venstre - Danish Social-Liberal Party
944672,[2] Det Radikale Venstre - Danish Social-Liberal Party
944698,[NA] Not applicable
944711,"[7] Venstre, Danmarks Liberale Parti - Venstre"
944729,"[7] Venstre, Danmarks Liberale Parti - Venstre"
944753,[5] Dansk Folkeparti - Danish peoples party
944779,[5] Dansk Folkeparti - Danish peoples party
944787,"[7] Venstre, Danmarks Liberale Parti - Venstre"
944818,[NA] Not applicable
944826,[10] Andet - other
944876,"[7] Venstre, Danmarks Liberale Parti - Venstre"
944923,[4] SF Socialistisk Folkeparti - Socialist People's Party
944931,[NA] Not applicable
944949,[2] Det Radikale Venstre - Danish Social-Liberal Party
944999,"[7] Venstre, Danmarks Liberale Parti - Venstre"
945018,[1] Socialdemokraterne - the Danish social democrats
945026,[NA] Refusal
945034,[1] Socialdemokraterne - the Danish social democrats
945042,[NA] Refusal
945068,[5] Dansk Folkeparti - Danish peoples party
945076,"[7] Venstre, Danmarks Liberale Parti - Venstre"
945084,[5] Dansk Folkeparti - Danish peoples party
945092,[NA] Not applicable
945107,[4] SF Socialistisk Folkeparti - Socialist People's Party
945149,[2] Det Radikale Venstre - Danish Social-Liberal Party
945212,"[7] Venstre, Danmarks Liberale Parti - Venstre"
945220,[9] Enhedslisten - Unity List - The Red-Green Alliance
945262,[1] Socialdemokraterne - the Danish social democrats
945296,"[7] Venstre, Danmarks Liberale Parti - Venstre"
945301,[8] Liberal Alliance - Liberal Alliance
945319,[9] Enhedslisten - Unity List - The Red-Green Alliance
945369,[4] SF Socialistisk Folkeparti - Socialist People's Party
945466,[2] Det Radikale Venstre - Danish Social-Liberal Party
945521,[4] SF Socialistisk Folkeparti - Socialist People's Party
945555,[NA] Not applicable
945563,[2] Det Radikale Venstre - Danish Social-Liberal Party
945571,[2] Det Radikale Venstre - Danish Social-Liberal Party
945652,[NA] Not applicable
945660,"[7] Venstre, Danmarks Liberale Parti - Venstre"
945686,"[7] Venstre, Danmarks Liberale Parti - Venstre"
945733,[1] Socialdemokraterne - the Danish social democrats
945759,[8] Liberal Alliance - Liberal Alliance
945767,"[7] Venstre, Danmarks Liberale Parti - Venstre"
945791,[1] Socialdemokraterne - the Danish social democrats
945806,[2] Det Radikale Venstre - Danish Social-Liberal Party
945814,[1] Socialdemokraterne - the Danish social democrats
945822,[5] Dansk Folkeparti - Danish peoples party
945830,[1] Socialdemokraterne - the Danish social democrats
945856,[8] Liberal Alliance - Liberal Alliance
945872,"[7] Venstre, Danmarks Liberale Parti - Venstre"
945903,[9] Enhedslisten - Unity List - The Red-Green Alliance
945937,"[7] Venstre, Danmarks Liberale Parti - Venstre"
945953,[NA] Not applicable
945961,[NA] Not applicable
946014,[NA] Not applicable
946030,[8] Liberal Alliance - Liberal Alliance
946064,[5] Dansk Folkeparti - Danish peoples party
946072,[NA] Not applicable
946098,[4] SF Socialistisk Folkeparti - Socialist People's Party
946129,[2] Det Radikale Venstre - Danish Social-Liberal Party
946153,[1] Socialdemokraterne - the Danish social democrats
946161,"[7] Venstre, Danmarks Liberale Parti - Venstre"
946195,"[7] Venstre, Danmarks Liberale Parti - Venstre"
946218,[8] Liberal Alliance - Liberal Alliance
946250,[NA] Not applicable
946268,[5] Dansk Folkeparti - Danish peoples party
946276,"[7] Venstre, Danmarks Liberale Parti - Venstre"
946292,[NA] Not applicable
946331,[4] SF Socialistisk Folkeparti - Socialist People's Party
946349,[4] SF Socialistisk Folkeparti - Socialist People's Party
946373,"[7] Venstre, Danmarks Liberale Parti - Venstre"
946381,[NA] Not applicable
946404,"[7] Venstre, Danmarks Liberale Parti - Venstre"
946412,[NA] Not applicable
946446,[1] Socialdemokraterne - the Danish social democrats
946488,"[7] Venstre, Danmarks Liberale Parti - Venstre"
946496,[5] Dansk Folkeparti - Danish peoples party
946519,[NA] Not applicable
946527,"[7] Venstre, Danmarks Liberale Parti - Venstre"
946535,[1] Socialdemokraterne - the Danish social democrats
946569,[1] Socialdemokraterne - the Danish social democrats
946585,[1] Socialdemokraterne - the Danish social democrats
946616,[5] Dansk Folkeparti - Danish peoples party
946624,[10] Andet - other
946658,[2] Det Radikale Venstre - Danish Social-Liberal Party
946666,[4] SF Socialistisk Folkeparti - Socialist People's Party
946682,"[7] Venstre, Danmarks Liberale Parti - Venstre"
946690,[5] Dansk Folkeparti - Danish peoples party
946721,[2] Det Radikale Venstre - Danish Social-Liberal Party
946747,[5] Dansk Folkeparti - Danish peoples party
946755,[NA] Not applicable
946797,[1] Socialdemokraterne - the Danish social democrats
946810,[5] Dansk Folkeparti - Danish peoples party
946828,[2] Det Radikale Venstre - Danish Social-Liberal Party
946836,[4] SF Socialistisk Folkeparti - Socialist People's Party
946852,[NA] Not applicable
946886,[NA] Not applicable
946917,[1] Socialdemokraterne - the Danish social democrats
946925,[NA] Refusal
946933,[4] SF Socialistisk Folkeparti - Socialist People's Party
946959,[1] Socialdemokraterne - the Danish social democrats
946967,[5] Dansk Folkeparti - Danish peoples party
946975,[1] Socialdemokraterne - the Danish social democrats
947010,"[7] Venstre, Danmarks Liberale Parti - Venstre"
947028,[10] Andet - other
947060,[5] Dansk Folkeparti - Danish peoples party
947078,[2] Det Radikale Venstre - Danish Social-Liberal Party
947086,[1] Socialdemokraterne - the Danish social democrats
947117,"[7] Venstre, Danmarks Liberale Parti - Venstre"
947141,[NA] Don't know
947159,[NA] Not applicable
947167,[9] Enhedslisten - Unity List - The Red-Green Alliance
947214,[4] SF Socialistisk Folkeparti - Socialist People's Party
947230,[1] Socialdemokraterne - the Danish social democrats
947248,[1] Socialdemokraterne - the Danish social democrats
947256,[9] Enhedslisten - Unity List - The Red-Green Alliance
947272,[4] SF Socialistisk Folkeparti - Socialist People's Party
947280,[NA] Not applicable
947303,[NA] Not applicable
947329,[5] Dansk Folkeparti - Danish peoples party
947337,[1] Socialdemokraterne - the Danish social democrats
947345,[8] Liberal Alliance - Liberal Alliance
947379,[2] Det Radikale Venstre - Danish Social-Liberal Party
947395,[1] Socialdemokraterne - the Danish social democrats
947400,[NA] Not applicable
947450,"[7] Venstre, Danmarks Liberale Parti - Venstre"
947476,[3] Det Konservative Folkeparti - Conservative
947484,[NA] Don't know
947492,[2] Det Radikale Venstre - Danish Social-Liberal Party
947507,[9] Enhedslisten - Unity List - The Red-Green Alliance
947515,"[7] Venstre, Danmarks Liberale Parti - Venstre"
947523,[1] Socialdemokraterne - the Danish social democrats
947557,[NA] Don't know
947565,[1] Socialdemokraterne - the Danish social democrats
947612,"[7] Venstre, Danmarks Liberale Parti - Venstre"
947638,[4] SF Socialistisk Folkeparti - Socialist People's Party
947646,[9] Enhedslisten - Unity List - The Red-Green Alliance
947662,[4] SF Socialistisk Folkeparti - Socialist People's Party
947719,[1] Socialdemokraterne - the Danish social democrats
947735,"[7] Venstre, Danmarks Liberale Parti - Venstre"
947751,[5] Dansk Folkeparti - Danish peoples party
947769,"[7] Venstre, Danmarks Liberale Parti - Venstre"
947793,[NA] Not applicable
947808,[1] Socialdemokraterne - the Danish social democrats
947816,[5] Dansk Folkeparti - Danish peoples party
947840,[NA] Not applicable
947858,[2] Det Radikale Venstre - Danish Social-Liberal Party
947874,[9] Enhedslisten - Unity List - The Red-Green Alliance
947882,[1] Socialdemokraterne - the Danish social democrats
947890,[NA] Not applicable
947905,"[7] Venstre, Danmarks Liberale Parti - Venstre"
947921,[2] Det Radikale Venstre - Danish Social-Liberal Party
947947,"[7] Venstre, Danmarks Liberale Parti - Venstre"
947971,"[7] Venstre, Danmarks Liberale Parti - Venstre"
947989,[8] Liberal Alliance - Liberal Alliance
947997,[NA] Not applicable
948016,"[7] Venstre, Danmarks Liberale Parti - Venstre"
948074,[NA] Not applicable
948082,[NA] Refusal
948113,"[7] Venstre, Danmarks Liberale Parti - Venstre"
948121,[4] SF Socialistisk Folkeparti - Socialist People's Party
948189,[2] Det Radikale Venstre - Danish Social-Liberal Party
948197,[2] Det Radikale Venstre - Danish Social-Liberal Party
948202,[1] Socialdemokraterne - the Danish social democrats
948244,[NA] Not applicable
948286,[NA] Not applicable
948294,[2] Det Radikale Venstre - Danish Social-Liberal Party
948333,[5] Dansk Folkeparti - Danish peoples party
948341,[1] Socialdemokraterne - the Danish social democrats
948359,"[7] Venstre, Danmarks Liberale Parti - Venstre"
948375,[4] SF Socialistisk Folkeparti - Socialist People's Party
948383,[1] Socialdemokraterne - the Danish social democrats
948391,[NA] Not applicable
948406,"[7] Venstre, Danmarks Liberale Parti - Venstre"
948414,[1] Socialdemokraterne - the Danish social democrats
948422,[5] Dansk Folkeparti - Danish peoples party
948448,[NA] Not applicable
948456,[4] SF Socialistisk Folkeparti - Socialist People's Party
948472,[9] Enhedslisten - Unity List - The Red-Green Alliance
948480,[3] Det Konservative Folkeparti - Conservative
948529,[4] SF Socialistisk Folkeparti - Socialist People's Party
948545,[9] Enhedslisten - Unity List - The Red-Green Alliance
948595,[5] Dansk Folkeparti - Danish peoples party
948600,"[7] Venstre, Danmarks Liberale Parti - Venstre"
948618,[NA] Not applicable
948650,[5] Dansk Folkeparti - Danish peoples party
948676,[NA] Don't know
948715,[8] Liberal Alliance - Liberal Alliance
948731,[1] Socialdemokraterne - the Danish social democrats
948757,[5] Dansk Folkeparti - Danish peoples party
948765,[1] Socialdemokraterne - the Danish social democrats
948781,[9] Enhedslisten - Unity List - The Red-Green Alliance
948838,[4] SF Socialistisk Folkeparti - Socialist People's Party
948846,[NA] Not applicable
948854,[NA] Not applicable
948896,[1] Socialdemokraterne - the Danish social democrats
948901,"[7] Venstre, Danmarks Liberale Parti - Venstre"
948919,[NA] Not applicable
948927,"[7] Venstre, Danmarks Liberale Parti - Venstre"
948943,[5] Dansk Folkeparti - Danish peoples party
948993,"[7] Venstre, Danmarks Liberale Parti - Venstre"
949004,"[7] Venstre, Danmarks Liberale Parti - Venstre"
949012,[8] Liberal Alliance - Liberal Alliance
949020,"[7] Venstre, Danmarks Liberale Parti - Venstre"
949046,[1] Socialdemokraterne - the Danish social democrats
949054,"[7] Venstre, Danmarks Liberale Parti - Venstre"
949070,[8] Liberal Alliance - Liberal Alliance
949096,"[7] Venstre, Danmarks Liberale Parti - Venstre"
949119,[1] Socialdemokraterne - the Danish social democrats
949135,[2] Det Radikale Venstre - Danish Social-Liberal Party
949143,"[7] Venstre, Danmarks Liberale Parti - Venstre"
949185,"[7] Venstre, Danmarks Liberale Parti - Venstre"
949193,[NA] Not applicable
949208,[NA] Don't know
949216,[NA] Not applicable
949224,[1] Socialdemokraterne - the Danish social democrats
949258,[5] Dansk Folkeparti - Danish peoples party
949274,[3] Det Konservative Folkeparti - Conservative
949305,[1] Socialdemokraterne - the Danish social democrats
949313,[NA] Not applicable
949321,[2] Det Radikale Venstre - Danish Social-Liberal Party
949339,[1] Socialdemokraterne - the Danish social democrats
949363,[2] Det Radikale Venstre - Danish Social-Liberal Party
949389,[1] Socialdemokraterne - the Danish social democrats
949397,[5] Dansk Folkeparti - Danish peoples party
949436,[9] Enhedslisten - Unity List - The Red-Green Alliance
949444,[9] Enhedslisten - Unity List - The Red-Green Alliance
949486,[9] Enhedslisten - Unity List - The Red-Green Alliance
949494,[NA] Not applicable
949509,[9] Enhedslisten - Unity List - The Red-Green Alliance
949517,[4] SF Socialistisk Folkeparti - Socialist People's Party
949541,[9] Enhedslisten - Unity List - The Red-Green Alliance
949583,[1] Socialdemokraterne - the Danish social democrats
949591,[2] Det Radikale Venstre - Danish Social-Liberal Party
949606,[NA] Don't know
949614,[5] Dansk Folkeparti - Danish peoples party
949622,[1] Socialdemokraterne - the Danish social democrats
949630,[NA] Not applicable
949648,[5] Dansk Folkeparti - Danish peoples party
949680,[1] Socialdemokraterne - the Danish social democrats
949703,"[7] Venstre, Danmarks Liberale Parti - Venstre"
949711,[5] Dansk Folkeparti - Danish peoples party
949745,[4] SF Socialistisk Folkeparti - Socialist People's Party
949779,[8] Liberal Alliance - Liberal Alliance
949787,[3] Det Konservative Folkeparti - Conservative
949800,[2] Det Radikale Venstre - Danish Social-Liberal Party
949826,[2] Det Radikale Venstre - Danish Social-Liberal Party
949868,[5] Dansk Folkeparti - Danish peoples party
949876,[NA] Not applicable
949892,[NA] Not applicable
949907,"[7] Venstre, Danmarks Liberale Parti - Venstre"
949915,[2] Det Radikale Venstre - Danish Social-Liberal Party
949923,[1] Socialdemokraterne - the Danish social democrats
949931,"[7] Venstre, Danmarks Liberale Parti - Venstre"
949981,[5] Dansk Folkeparti - Danish peoples party
949999,[NA] Not applicable
950037,[5] Dansk Folkeparti - Danish peoples party
950053,[2] Det Radikale Venstre - Danish Social-Liberal Party
950061,[NA] Not applicable
950079,[5] Dansk Folkeparti - Danish peoples party
950095,[5] Dansk Folkeparti - Danish peoples party
950118,[9] Enhedslisten - Unity List - The Red-Green Alliance
950134,[1] Socialdemokraterne - the Danish social democrats
950150,[3] Det Konservative Folkeparti - Conservative
950184,[9] Enhedslisten - Unity List - The Red-Green Alliance
950192,"[7] Venstre, Danmarks Liberale Parti - Venstre"
950249,"[7] Venstre, Danmarks Liberale Parti - Venstre"
950273,[5] Dansk Folkeparti - Danish peoples party
950304,[3] Det Konservative Folkeparti - Conservative
950320,[2] Det Radikale Venstre - Danish Social-Liberal Party
950346,[5] Dansk Folkeparti - Danish peoples party
950354,[1] Socialdemokraterne - the Danish social democrats
950362,"[7] Venstre, Danmarks Liberale Parti - Venstre"
950427,[NA] Not applicable
950443,[NA] Not applicable
950469,[1] Socialdemokraterne - the Danish social democrats
950477,"[7] Venstre, Danmarks Liberale Parti - Venstre"
950493,[1] Socialdemokraterne - the Danish social democrats
950508,"[7] Venstre, Danmarks Liberale Parti - Venstre"
950516,"[7] Venstre, Danmarks Liberale Parti - Venstre"
